<?xml version="1.0"?>
<!DOCTYPE package-info SYSTEM "http://www.simplemachines.org/xml/package-info">
<package-info xmlns="http://www.simplemachines.org/xml/package-info" xmlns:smf="http://www.simplemachines.org/">
	<name>Video Embed</name>
	<id>Jon_Stovell:VideoEmbed</id>
	<type>modification</type>
	<version>1.3</version>

	<install for="2.1 RC1 - 2.1.99">
		<readme type="file" parsebbc="true">readme.txt</readme>
		<require-file name="VideoEmbed.php" destination="$sourcedir" />
		<require-file name="videoembed.js" destination="$themedir/scripts" />
		<require-file name="film-youtube.png" destination="$imagesdir/bbc" />
		<hook hook="integrate_sceditor_options" function="videoembed_sceditor_options" file="$sourcedir/VideoEmbed.php" />
		<hook hook="integrate_bbc_codes" function="videoembed_bbc_codes" file="$sourcedir/VideoEmbed.php" />
		<hook hook="integrate_bbc_buttons" function="videoembed_bbc_buttons" file="$sourcedir/VideoEmbed.php" />
		<hook hook="integrate_credits" function="videoembed_credits" file="$sourcedir/VideoEmbed.php" />
	</install>
	<upgrade for="2.1 RC1 - 2.1.99" from="1.0,1.1">
		<readme type="file" parsebbc="true">readme.txt</readme>
		<require-file name="VideoEmbed.php" destination="$sourcedir" />
	</upgrade>
	<uninstall for="2.1 RC1 - 2.1.99">
		<hook hook="integrate_sceditor_options" function="videoembed_sceditor_options" file="$sourcedir/VideoEmbed.php" reverse="true" />
		<hook hook="integrate_bbc_codes" function="videoembed_bbc_codes" file="$sourcedir/VideoEmbed.php" reverse="true" />
		<hook hook="integrate_bbc_buttons" function="videoembed_bbc_buttons" file="$sourcedir/VideoEmbed.php" reverse="true" />
		<hook hook="integrate_credits" function="videoembed_credits" file="$sourcedir/VideoEmbed.php" reverse="true" />
		<remove-file name="$sourcedir/VideoEmbed.php" />
		<remove-file name="$themedir/scripts/videoembed.js" />
		<remove-file name="$imagesdir/bbc/film-youtube.png" />
	</uninstall>
</package-info>
